{"r":{"0":2.8,"1":4.877206308,"2":7.6938980617,"3":8.4043026191,"4":9.3629333302,"5":10.5635585763,"6":11.9999467383,"7":13.6617117847,"8":15.5415834935,"9":17.6260600236,"10":19.9026781372,"11":22.3600131996,"12":24.9804089572,"13":27.750363569,"14":30.6522207813,"15":33.6683243406,"16":36.7820565963,"17":39.9726454855,"18":43.2224347544,"19":46.51065234,"20":49.8196419887,"21":53.1275930343,"22":56.4158106199,"23":59.6635226825,"24":62.8520343654,"25":65.9626508117,"26":68.9756385615,"27":71.8733413612,"28":74.6381029572,"29":77.2543443022,"30":79.7054477456,"31":81.9768728435,"32":84.0540791515,"33":85.9266806382,"34":87.5822140657,"35":89.0102934025,"36":90.2036484265,"37":91.1539703124,"38":91.8560660445,"39":92.45},"a":{"0":0.0,"1":0.0000006788,"2":0.0000191364,"3":0.0000854324,"4":0.0004905793,"5":0.0016490838,"6":0.0042589919,"7":0.0092530346,"8":0.0176876913,"9":0.0304965188,"10":0.0482784412,"11":0.0711446874,"12":0.1118270059,"13":0.189097587,"14":0.2528315058,"15":0.2862787379,"16":0.313793641,"17":0.3313523507,"18":0.3333333333,"19":0.3333333333,"20":0.3333333333,"21":0.3333333333,"22":0.3333333333,"23":0.3333333333,"24":0.3333333333,"25":0.3333333333,"26":0.3333333333,"27":0.3333333333,"28":0.3333333333,"29":0.3333333333,"30":0.3333701175,"31":0.3372470764,"32":0.3441818233,"33":0.3534940849,"34":0.3652894534,"35":0.3819359011,"36":0.4112373235,"37":0.4637550883,"38":0.5586455943,"39":0.8832237865},"CT":{"0":0.7666795679,"1":0.7666795679,"2":0.7666795679,"3":0.7666795679,"4":0.7666795679,"5":0.7666795679,"6":0.7666795679,"7":0.7666795679,"8":0.7666795679,"9":0.7666795679,"10":0.7666795679,"11":0.7666795679,"12":0.7666795679,"13":0.7666795679,"14":0.7666795679,"15":0.7666795679,"16":0.7666795679,"17":0.7666795679,"18":0.7666795679,"19":0.7666795679,"20":0.7666795679,"21":0.7666795679,"22":0.7666795679,"23":0.7666795679,"24":0.7666795679,"25":0.7666795679,"26":0.7666795679,"27":0.7666795679,"28":0.7666795679,"29":0.7666795679,"30":0.7666795679,"31":0.7666795679,"32":0.7666795679,"33":0.7666795679,"34":0.7666795679,"35":0.7666795679,"36":0.7666795679,"37":0.7666795679,"38":0.7666795679,"39":0.7666795679},"CP":{"0":0.456945147,"1":0.456945147,"2":0.456945147,"3":0.456945147,"4":0.456945147,"5":0.456945147,"6":0.456945147,"7":0.456945147,"8":0.456945147,"9":0.456945147,"10":0.456945147,"11":0.456945147,"12":0.456945147,"13":0.456945147,"14":0.456945147,"15":0.456945147,"16":0.456945147,"17":0.456945147,"18":0.456945147,"19":0.456945147,"20":0.456945147,"21":0.456945147,"22":0.456945147,"23":0.456945147,"24":0.456945147,"25":0.456945147,"26":0.456945147,"27":0.456945147,"28":0.456945147,"29":0.456945147,"30":0.456945147,"31":0.456945147,"32":0.456945147,"33":0.456945147,"34":0.456945147,"35":0.456945147,"36":0.456945147,"37":0.456945147,"38":0.456945147,"39":0.456945147},"CLP":{"0":-0.0264106995,"1":-0.048154413,"2":-0.0832873688,"3":-0.0929231501,"4":-0.1037280032,"5":-0.1118604759,"6":-0.11036785,"7":-0.0903078172,"8":-0.0441346452,"9":0.0291138568,"10":0.1203050577,"11":0.2113494064,"12":0.3176993259,"13":0.4543704288,"14":0.517884392,"15":0.5368617922,"16":0.5448565968,"17":0.5461692092,"18":0.5456907979,"19":0.545015943,"20":0.5442706584,"21":0.5435439956,"22":0.5427850545,"23":0.5418538918,"24":0.5405366115,"25":0.5385465059,"26":0.5355038412,"27":0.5308988756,"28":0.5240608897,"29":0.5141360302,"30":0.5001128403,"31":0.4812844158,"32":0.4566213896,"33":0.42509799,"34":0.3860036924,"35":0.3388778489,"36":0.2828562078,"37":0.2197506254,"38":0.1506400088,"39":0.0160939722},"CLT":{"0":0.5632070902,"1":0.3384727559,"2":0.2355043188,"3":0.2210372405,"4":0.2032325061,"5":0.1832790628,"6":0.1632742869,"7":0.1478914514,"8":0.1444895055,"9":0.1612987364,"10":0.2040262105,"11":0.2731341795,"12":0.4033579103,"13":0.6180260211,"14":0.7593354447,"15":0.8203262014,"16":0.8638624077,"17":0.8884651695,"18":0.8908905581,"19":0.8906513784,"20":0.8903675628,"21":0.8899903457,"22":0.8894399199,"23":0.8885798321,"24":0.8871820163,"25":0.8848802936,"26":0.8811135765,"27":0.8750594337,"28":0.865580463,"29":0.8511948456,"30":0.8301870757,"31":0.8060830987,"32":0.7755360475,"33":0.735144717,"34":0.6827306719,"35":0.6185834973,"36":0.546229446,"37":0.4726552268,"38":0.4069681859,"39":0.3406595228},"chord":{"0":5.38,"1":5.3918018523,"2":5.4403770957,"3":5.4574808183,"4":5.4831133824,"5":5.51878651,"6":5.5656445364,"7":5.6238525743,"8":5.6923489737,"9":5.7680511092,"10":5.8457179003,"11":5.9176419532,"12":5.9732744429,"13":5.9995311377,"14":5.9807741505,"15":5.8993097406,"16":5.7358294091,"17":5.4703985692,"18":5.1126125367,"19":4.7769168369,"20":4.4709795601,"21":4.189873199,"22":3.9323894939,"23":3.6987219379,"24":3.4885801451,"25":3.3004590343,"26":3.1314920708,"27":2.9774117515,"28":2.8328740723,"29":2.6916342509,"30":2.5473682351,"31":2.4072133075,"32":2.2606337822,"33":2.0976854016,"34":1.9124633333,"35":1.7058817875,"36":1.4872025548,"37":1.2743353886,"38":1.0902825013,"39":0.91396175},"tc":{"0":100.0,"1":99.7811148729,"2":98.8902038464,"3":97.6847782936,"4":94.5450314458,"5":90.2205907494,"6":84.7234821026,"7":78.244464559,"8":71.1110549296,"9":63.7661244659,"10":56.657249728,"11":50.1605596929,"12":44.5458775174,"13":39.9323563189,"14":36.3278260324,"15":33.6630603518,"16":31.8480675098,"17":30.8325257801,"18":30.485791817,"19":30.11382548,"20":29.6314182269,"21":29.0717487521,"22":28.4699757887,"23":27.8607808702,"24":27.2726709133,"25":26.7283375361,"26":26.2480463425,"27":25.8534235895,"28":25.5697162509,"29":25.4214812508,"30":25.4214812508,"31":25.4214812508,"32":25.4214812508,"33":25.4214812508,"34":25.4214812508,"35":25.4214812508,"36":25.4214812508,"37":25.4214812508,"38":25.4214812508,"39":25.4214812508},"cl":{"0":0.0,"1":0.00001276,"2":0.0003274153,"3":0.0014213603,"4":0.0078386653,"5":0.0249637984,"6":0.0602048959,"7":0.1204012143,"8":0.2090004978,"9":0.3234379751,"10":0.4553944088,"11":0.5931948909,"12":0.8082853781,"13":1.1368638808,"14":1.2947136923,"15":1.3142071828,"16":1.3220576188,"17":1.327504483,"18":1.3297995845,"19":1.3325891028,"20":1.3373106651,"21":1.3447139881,"22":1.354375338,"23":1.365261004,"24":1.3761552685,"25":1.3860085761,"26":1.3940995314,"27":1.4000652395,"28":1.4038561539,"29":1.4056432093,"30":1.4056432093,"31":1.4056432093,"32":1.4056432093,"33":1.4056432093,"34":1.4056432093,"35":1.4056432093,"36":1.4056432093,"37":1.4056432093,"38":1.4056432093,"39":1.4056432093},"cd":{"0":0.6,"1":0.599971229,"2":0.5992686524,"3":0.596865817,"4":0.5833054028,"5":0.5494622429,"6":0.4863501721,"7":0.3926253758,"8":0.2792219294,"9":0.1680741947,"10":0.0826498888,"11":0.0375990756,"12":0.027621616,"13":0.0237094878,"14":0.0208798477,"15":0.0184347689,"16":0.0168458606,"17":0.0161094284,"18":0.0158950207,"19":0.0156896611,"20":0.0154398018,"21":0.0151472317,"22":0.0148366386,"23":0.0145346595,"24":0.0142629991,"25":0.0140357219,"26":0.0138594784,"27":0.0137348052,"28":0.0136578022,"29":0.0136221042,"30":0.0136221042,"31":0.0136221042,"32":0.0136221042,"33":0.0136221042,"34":0.0136221042,"35":0.0136221042,"36":0.0136221042,"37":0.0136221042,"38":0.0136221042,"39":0.0136221042},"twist":{"0":20.0,"1":20.0,"2":20.0,"3":20.0,"4":20.0,"5":20.0,"6":20.0,"7":20.0,"8":20.0,"9":20.0,"10":19.9699015099,"11":17.5100147713,"12":15.0988318919,"13":12.4642583632,"14":9.9709780237,"15":7.3727989948,"16":5.1314662774,"17":3.688278693,"18":2.7307134088,"19":1.8983317559,"20":1.1532657572,"21":0.4737638055,"22":-0.1405380238,"23":-0.6892228276,"24":-1.1736146252,"25":-1.5967339958,"26":-1.9627973804,"27":-2.2770413011,"28":-2.5449935626,"29":-2.7721709827,"30":-2.9630054678,"31":-3.1299457349,"32":-3.2749214306,"33":-3.3997604381,"34":-3.5057897706,"35":-3.5941571272,"36":-3.6659027966,"37":-3.7217232109,"38":-3.7622374816,"39":-3.7960401484},"aoa":{"0":28.397151613,"1":23.7532180094,"2":17.9458419362,"3":16.603183215,"4":14.8771314848,"5":12.855858541,"6":10.6393984771,"7":8.3349798177,"8":6.034325527,"9":3.8170826953,"10":1.7667247432,