{"r":{"0":2.8,"1":4.9531800337,"2":7.8728182838,"3":8.6091867639,"4":9.6027706113,"5":10.8473443634,"6":12.3362675266,"7":14.0587492989,"8":16.0073191251,"9":18.1675546831,"10":20.5280426248,"11":23.0752944476,"12":25.7906337633,"13":28.6626472238,"14":31.6705832866,"15":34.7968031408,"16":38.0236679753,"17":41.331463825,"18":44.7004767246,"19":48.1078799776,"20":51.5381099271,"21":54.9673022995,"22":58.3757431296,"23":61.7416432978,"24":65.0473639933,"25":68.2711160965,"26":71.3942232193,"27":74.3980089736,"28":77.2637969714,"29":79.9760235558,"30":82.5160123388,"31":84.8713123948,"32":87.0242849131,"33":88.9655916994,"34":90.6807066741,"35":92.1613292204},"a":{"0":0.0,"1":0.0000007818,"2":0.0000219682,"3":0.0001403073,"4":0.0006579085,"5":0.0020506032,"6":0.0050904078,"7":0.0107842977,"8":0.0202402995,"9":0.0343875763,"10":0.0537729817,"11":0.0783744541,"12":0.1331759245,"13":0.2132415919,"14":0.2651767775,"15":0.2970387931,"16":0.3223582299,"17":0.3333333333,"18":0.3333333333,"19":0.3333333333,"20":0.3333333333,"21":0.3333333333,"22":0.3333333333,"23":0.3333333333,"24":0.3333333333,"25":0.3333333333,"26":0.3333333333,"27":0.3333333333,"28":0.3333333333,"29":0.3336415521,"30":0.3387370112,"31":0.3478586048,"32":0.3607814866,"33":0.3812375205,"34":0.432174991,"35":0.6513597638},"CT":{"0":0.7640985925,"1":0.7640985925,"2":0.7640985925,"3":0.7640985925,"4":0.7640985925,"5":0.7640985925,"6":0.7640985925,"7":0.7640985925,"8":0.7640985925,"9":0.7640985925,"10":0.7640985925,"11":0.7640985925,"12":0.7640985925,"13":0.7640985925,"14":0.7640985925,"15":0.7640985925,"16":0.7640985925,"17":0.7640985925,"18":0.7640985925,"19":0.7640985925,"20":0.7640985925,"21":0.7640985925,"22":0.7640985925,"23":0.7640985925,"24":0.7640985925,"25":0.7640985925,"26":0.7640985925,"27":0.7640985925,"28":0.7640985925,"29":0.7640985925,"30":0.7640985925,"31":0.7640985925,"32":0.7640985925,"33":0.7640985925,"34":0.7640985925,"35":0.7640985925},"CP":{"0":0.4561752315,"1":0.4561752315,"2":0.4561752315,"3":0.4561752315,"4":0.4561752315,"5":0.4561752315,"6":0.4561752315,"7":0.4561752315,"8":0.4561752315,"9":0.4561752315,"10":0.4561752315,"11":0.4561752315,"12":0.4561752315,"13":0.4561752315,"14":0.4561752315,"15":0.4561752315,"16":0.4561752315,"17":0.4561752315,"18":0.4561752315,"19":0.4561752315,"20":0.4561752315,"21":0.4561752315,"22":0.4561752315,"23":0.4561752315,"24":0.4561752315,"25":0.4561752315,"26":0.4561752315,"27":0.4561752315,"28":0.4561752315,"29":0.4561752315,"30":0.4561752315,"31":0.4561752315,"32":0.4561752315,"33":0.4561752315,"34":0.4561752315,"35":0.4561752315},"CLP":{"0":-0.0264106995,"1":-0.0490071207,"2":-0.085789041,"3":-0.0954663056,"4":-0.1059102553,"5":-0.1126330527,"6":-0.1079503112,"7":-0.0825254905,"8":-0.0293960115,"9":0.0504123631,"10":0.144984634,"11":0.23377649,"12":0.3627991855,"13":0.4831206632,"14":0.5260102798,"15":0.5408326332,"16":0.5458885925,"17":0.5460006763,"18":0.5454045066,"19":0.5446544422,"20":0.5438920344,"21":0.5431313507,"22":0.5422576425,"23":0.5410588385,"24":0.5392287021,"25":0.5363449862,"26":0.5318102009,"27":0.5247802374,"28":0.514092037,"29":0.4982116104,"30":0.4756957927,"31":0.4441839276,"32":0.4006747815,"33":0.3406172905,"34":0.2539460164,"35":0.1041265922},"CLT":{"0":0.5632070902,"1":0.3339829969,"2":0.2317126022,"3":0.2170701604,"4":0.1990471355,"5":0.1789499863,"6":0.1593859105,"7":0.1458116337,"8":0.1463137001,"9":0.1692672761,"10":0.2196660099,"11":0.2964834043,"12":0.4673552649,"13":0.675396262,"14":0.7828877219,"15":0.8380629084,"16":0.8761860315,"17":0.8910211329,"18":0.8907859806,"19":0.8905224513,"20":0.8901874381,"21":0.8897114589,"22":0.8889716474,"23":0.8877528866,"24":0.8856877252,"25":0.8821778902,"26":0.8762834821,"27":0.866598106,"28":0.8511299074,"29":0.8276427391,"30":0.7991846592,"31":0.7598427346,"32":0.7026286775,"33":0.6209351095,"34":0.5112992708,"35":0.3747033204},"chord":{"0":5.38,"1":5.3926541549,"2":5.4445223237,"3":5.4627235733,"4":5.4899431914,"5":5.5277202424,"6":5.5771391672,"7":5.6381774146,"8":5.7094205199,"9":5.7871864223,"10":5.8654475352,"11":5.9353140456,"12":5.9848306912,"13":5.9992446791,"14":5.9609380614,"15":5.8500844006,"16":5.6451183681,"17":5.323661931,"18":4.9571645348,"19":4.6258743763,"20":4.3220835555,"21":4.0431920074,"22":3.7889541178,"23":3.5596681044,"24":3.3542190574,"25":3.1700246385,"26":3.0025315184,"27":2.8454991865,"28":2.6911058807,"29":2.5312665578,"30":2.3715367343,"31":2.194245398,"32":1.9804118184,"33":1.7131937187,"34":1.3851651402,"35":1.0021888802},"tc":{"0":100.0,"1":99.7653445872,"2":98.8149130476,"3":97.0434326729,"4":93.7104549067,"5":89.1544868048,"6":83.4126968634,"7":76.7101076127,"8":69.4093528155,"9":61.98312616,"10":54.8871074189,"11":48.4977524264,"12":43.0646003397,"13":38.6750868823,"14":35.3164907517,"15":32.9047457845,"16":31.3554032314,"17":30.6504016959,"18":30.3331286375,"19":29.8924412293,"20":29.3483943169,"21":28.7386189825,"22":28.1023901064,"23":27.4750195067,"24":26.8843561466,"25":26.3550301202,"26":25.9128308045,"27":25.5897820849,"28":25.4212052802,"29":25.4212052802,"30":25.4212052802,"31":25.4212052802,"32":25.4212052802,"33":25.4212052802,"34":25.4212052802,"35":25.4212052802},"cl":{"0":0.0,"1":0.0000146645,"2":0.0003732887,"3":0.0023147901,"4":0.0104023705,"5":0.0306337925,"6":0.0707797568,"7":0.1375216368,"8":0.2334648359,"9":0.3546234613,"10":0.4913530969,"11":0.6309908844,"12":0.9126220717,"13":1.2109992338,"14":1.304667305,"15":1.3174832802,"16":1.3245017072,"17":1.3286760932,"18":1.3309005419,"19":1.334540268,"20":1.3408276001,"21":1.3498867362,"22":1.3608561543,"23":1.3724052491,"24":1.3832382607,"25":1.3923656014,"26":1.3992150757,"27":1.4036035638,"28":1.405646403,"29":1.405646403,"30":1.405646403,"31":1.405646403,"32":1.405646403,"33":1.405646403,"34":1.405646403,"35":1.405646403},"cd":{"0":0.6,"1":0.5999669404,"2":0.5991668514,"3":0.5949311622,"4":0.5780551937,"5":0.5387882968,"6":0.468729249,"7":0.3686174087,"8":0.2523237693,"9":0.1439479836,"10":0.0666896602,"11":0.0326982534,"12":0.026227862,"13":0.0227565116,"14":0.0199818826,"15":0.0177415986,"16":0.0164701882,"17":0.0159941732,"18":0.0158075163,"19":0.0155755532,"20":0.0152918367,"21":0.0149742791,"22":0.0146523846,"23":0.0143537761,"24":0.0140981171,"25":0.0138965336,"26":0.01375231,"27":0.0136628793,"28":0.0136220407,"29":0.0136220407,"30":0.0136220407,"31":0.0136220407,"32":0.0136220407,"33":0.0136220407,"34":0.0136220407,"35":0.0136220407},"twist":{"0":20.0,"1":20.0,"2":20.0,"3":20.0,"4":20.0,"5":20.0,"6":20.0,"7":20.0,"8":20.0,"9":20.0,"10":19.3107493935,"11":16.8578398143,"12":14.3195725674,"13":11.6401576613,"14":9.1425504508,"15":6.4580069724,"16":4.4825640679,"17":3.2570165623,"18":2.3432936134,"19":1.5301396707,"20":0.7924181745,"21":0.1226868646,"22":-0.4784540293,"23":-1.010889492,"24":-1.4771367132,"25":-1.880903382,"26":-2.2275188325,"27":-2.5228916218,"28":-2.7729473792,"29":-2.9833930826,"30":-3.1682748872,"31":-3.330081478,"32":-3.4705146986,"33":-3.5914509562,"34":-3.6940853408,"35":-3.7796821126},"aoa":{"0":28.397151613,"1":23.5878114965,"2":17.6026691731,"3":16.2259387564,"4":14.4608809298,"5":12.4007676131,"6":10.15115453,"7":7.8231773821,"8":5.5102406293,"9":3.2922300082,"10":1.9087296181,"11":2.4629873747,"12":3.2897190254,"13":4.4393857908,"14":5.5808455203,"15":7.0679647845,"16":7.9881597917,"17":8.284712647,"18":8.3805234599,"19":8.473611533,"20":8.5758535089,"21":8.684658595,"22":8.7899730697,"23":8.8838438312,"24":8.9615804842,"25":9.0212433432,"26":9.0630399056,"27":9.088563829,"28":9.1001111793,"29":9.1001111793,"30":9.1001111793,"31":9.1001111793,"32":9.1001111793,"33":9.1001111793,"34":9.1001111793,"35":9.1001111793}}