{"CT":{"0":0.7655151038,"1":0.7655151038,"2":0.7655151038,"3":0.7655151038,"4":0.7655151038,"5":0.7655151038,"6":0.7655151038,"7":0.7655151038,"8":0.7655151038,"9":0.7655151038,"10":0.7655151038,"11":0.7655151038,"12":0.7655151038,"13":0.7655151038,"14":0.7655151038,"15":0.7655151038,"16":0.7655151038,"17":0.7655151038,"18":0.7655151038,"19":0.7655151038,"20":0.7655151038,"21":0.7655151038,"22":0.7655151038,"23":0.7655151038,"24":0.7655151038,"25":0.7655151038,"26":0.7655151038,"27":0.7655151038,"28":0.7655151038,"29":0.7655151038,"30":0.7655151038,"31":0.7655151038,"32":0.7655151038,"33":0.7655151038,"34":0.7655151038,"35":0.7655151038,"36":0.7655151038,"37":0.7655151038,"38":0.7655151038,"39":0.7655151038,"40":0.7655151038,"41":0.7655151038,"42":0.7655151038,"43":0.7655151038,"44":0.7655151038,"45":0.7655151038,"46":0.7655151038,"47":0.7655151038,"48":0.7655151038,"49":0.7655151038},"CP":{"0":0.4648844456,"1":0.4648844456,"2":0.4648844456,"3":0.4648844456,"4":0.4648844456,"5":0.4648844456,"6":0.4648844456,"7":0.4648844456,"8":0.4648844456,"9":0.4648844456,"10":0.4648844456,"11":0.4648844456,"12":0.4648844456,"13":0.4648844456,"14":0.4648844456,"15":0.4648844456,"16":0.4648844456,"17":0.4648844456,"18":0.4648844456,"19":0.4648844456,"20":0.4648844456,"21":0.4648844456,"22":0.4648844456,"23":0.4648844456,"24":0.4648844456,"25":0.4648844456,"26":0.4648844456,"27":0.4648844456,"28":0.4648844456,"29":0.4648844456,"30":0.4648844456,"31":0.4648844456,"32":0.4648844456,"33":0.4648844456,"34":0.4648844456,"35":0.4648844456,"36":0.4648844456,"37":0.4648844456,"38":0.4648844456,"39":0.4648844456,"40":0.4648844456,"41":0.4648844456,"42":0.4648844456,"43":0.4648844456,"44":0.4648844456,"45":0.4648844456,"46":0.4648844456,"47":0.4648844456,"48":0.4648844456,"49":0.4648844456},"chord":{"0":5.38,"1":5.3905106958,"2":5.4197620552,"3":5.4643329861,"4":5.5208023962,"5":5.5857491935,"6":5.6557522858,"7":5.727390581,"8":5.797242987,"9":5.8618884116,"10":5.9179057627,"11":5.9618739481,"12":5.9903718758,"13":5.9999784536,"14":5.9872725893,"15":5.9488331908,"16":5.881239166,"17":5.7810694228,"18":5.6449028689,"19":5.4693184124,"20":5.2559839896,"21":5.0472907285,"22":4.8521192267,"23":4.6689691232,"24":4.496234811,"25":4.3323179935,"26":4.176352178,"27":4.0277769887,"28":3.8862560213,"29":3.7515859381,"30":3.6236119793,"31":3.5021612472,"32":3.3869970895,"33":3.2777917713,"34":3.1741104605,"35":3.0753971535,"36":2.9809524303,"37":2.889893838,"38":2.8010919798,"39":2.7130778415,"40":2.6239166458,"41":2.531037131,"42":2.4309952843,"43":2.3191641383,"44":2.1894807248,"45":2.0352402229,"46":1.8465795798,"47":1.6001696218,"48":1.2532841057,"49":0.647148858},"tc":{"0":100.0,"1":99.8050148414,"2":96.0254358953,"3":89.4988894279,"4":82.4194456785,"5":75.2940000167,"6":68.4700694123,"7":62.1658097707,"8":56.4995686329,"9":51.5166410704,"10":47.2120109222,"11":43.5487078101,"12":40.4719749313,"13":37.9197648933,"14":35.830224998,"15":34.1468640959,"16":32.8220656355,"17":31.8195704956,"18":31.1165377951,"19":30.7058469274,"20":30.5698744678,"21":30.4613487554,"22":30.3138499078,"23":30.1245534248,"24":29.8964670898,"25":29.6371736314,"26":29.3529435101,"27":29.0502554809,"28":28.7352681394,"29":28.4135176085,"30":28.0897895995,"31":27.7681109565,"32":27.4518360511,"33":27.1438208607,"34":26.846677151,"35":26.563079376,"36":26.296056736,"37":26.0491411216,"38":25.8261585304,"39":25.6303522815,"40":25.4624230106,"41":25.3169590496,"42":25.1764904768,"43":25.0014917676,"44":24.7110572381,"45":24.1325977353,"46":22.9439431857,"47":20.5948869408,"48":15.6705945958,"49":1.1731474018},"cl":{"0":0.0,"1":0.0000101261,"2":0.0041743431,"3":0.0287401758,"4":0.0793399005,"5":0.1542742732,"6":0.2475041,"7":0.3513685147,"8":0.4585484052,"9":0.5631214813,"10":0.6661277267,"11":0.8774724633,"12":1.1009171596,"13":1.2469992279,"14":1.3004651181,"15":1.311878631,"16":1.3178289831,"17":1.3221910886,"18":1.3258125648,"19":1.3283117386,"20":1.3292177374,"21":1.3299719386,"22":1.3310438068,"23":1.3325034245,"24":1.3345014034,"25":1.3372444602,"26":1.3407672108,"27":1.3450325338,"28":1.3499411374,"29":1.3553482916,"30":1.3610836131,"31":1.3669695432,"32":1.3728357044,"33":1.3785279237,"34":1.3839122695,"35":1.3888758299,"36":1.393326897,"37":1.397197361,"38":1.4004492101,"39":1.4030853513,"40":1.4051638282,"41":1.4068158832,"42":1.4082708534,"43":1.4098771236,"44":1.411994368,"45":1.413894252,"46":1.4139,"47":1.4139,"48":1.4139,"49":1.4139},"cd":{"0":0.6,"1":0.5999771621,"2":0.5909608963,"3":0.542327836,"4":0.4548519877,"5":0.3461409227,"6":0.2376851928,"7":0.1463489191,"8":0.0811283385,"9":0.04375499,"10":0.0307213617,"11":0.0266633365,"12":0.0241204603,"13":0.0221743872,"14":0.0204466149,"15":0.0188879927,"16":0.0176680257,"17":0.0168232894,"18":0.0163001389,"19":0.0160286558,"20":0.0159450582,"21":0.0158807175,"22":0.0157967795,"23":0.0156952047,"24":0.015577638,"25":0.015442805,"26":0.015294217,"27":0.0151360216,"28":0.0149725503,"29":0.0148079962,"30":0.0146461717,"31":0.0144903548,"32":0.0143432217,"33":0.0142068595,"34":0.0140828343,"35":0.0139722771,"36":0.0138759435,"37":0.0137942013,"38":0.0137269276,"39":0.0136733196,"40":0.0136316418,"41":0.0135988938,"42":0.0135703405,"43":0.0135391485,"44":0.0134986233,"45":0.0134630182,"46":0.0134629127,"47":0.0134629127,"48":0.0134629127,"49":0.0134629127},"twist":{"0":20.0,"1":20.0,"2":20.0,"3":20.0,"4":20.0,"5":20.0,"6":20.0,"7":20.0,"8":20.0,"9":19.6445965737,"10":17.7454785521,"11":15.8218475755,"12":13.9043927057,"13":12.1065416086,"14":10.4773338442,"15":8.7385625271,"16":7.0981427866,"17":5.7827168886,"18":4.7911616107,"19":4.046930569,"20":3.4697149832,"21":2.9475963144,"22":2.4561429293,"23":1.9956512629,"24":1.564392523,"25":1.1550358524,"26":0.7664245143,"27":0.3978640397,"28":0.0488485767,"29":-0.2810696927,"30":-0.5923614351,"31":-0.885562604,"32":-1.1612868268,"33":-1.420215587,"34":-1.6630755969,"35":-1.8906149455,"36":-2.1035905222,"37":-2.302777058,"38":-2.4890021264,"39":-2.6632037502,"40":-2.8265047237,"41":-2.9803085707,"42":-3.1264337371,"43":-3.2672134465,"44":-3.404855675,"45":-3.535725375,"46":-3.6519099108,"47":-3.763387056,"48":-3.8704604547,"49":-3.9733842252},"aoa":{"0":28.1918151715,"1":23.9930997267,"2":20.0245452923,"3":16.3870324505,"4":13.1246435702,"5":10.2386107969,"6":7.7044550195,"7":5.4857173427,"8":3.5427760183,"9":2.1930473689,"10":2.5906595832,"11":3.1867031009,"12":3.9251654264,"13":4.6712547485,"14":5.3579936979,"15":6.2485476653,"16":7.1223769408,"17":7.742218315,"18":8.1002307134,"19":8.2653658062,"20":8.3114716407,"21":8.3449473545,"22":8.3854891421,"23":8.4287204403,"24":8.4728398423,"25":8.5221113759,"26":8.5750169863,"27":8.6299093941,"28":8.685236769,"29":8.7396324955,"30":8.7919619034,"31":8.8413360194,"32":8.8870997649,"33":8.9288016642,"34":8.9661538232,"35":8.9989932462,"36":9.0272565695,"37":9.0509782077,"38":9.0703159695,"39":9.0856005543,"40":9.0974028447,"41":9.106623752,"42":9.1146230804,"43":9.123314722,"44":9.1345225476,"45":9.1442590385,"46":9.1442875594,"47":9.1442875594,"48":9.1442875594,"49":9.1442875594}}