{"r":{"0":2.8,"1":4.8751542344,"2":7.6890633763,"3":8.3987661245,"4":9.3564498037,"5":10.5558889512,"6":11.9908581043,"7":13.6509814919,"8":15.528996074,"9":17.6114133483,"10":19.8857823892,"11":22.3406898486,"12":24.9584969153,"13":27.7257150869,"14":30.6247055524,"15":33.6378295008,"16":36.7484856983,"17":39.9359226024,"18":43.1825014021,"19":46.4674705552,"20":49.7731912507,"21":53.077874369,"22":56.3628435222,"23":59.6073471677,"24":62.7927089176,"25":65.9002523836,"26":68.9102636007,"27":71.8051037577,"28":74.5671340437,"29":77.180790802,"30":79.6294727987,"31":81.898653954,"32":83.9738081884,"33":85.8445597308,"34":87.4984576556,"35":88.9251261918,"36":90.1173022995,"37":91.0666853617,"38":91.768087493,"39":92.4113853057},"a":{"0":0.0,"1":0.0000006762,"2":0.0000190637,"3":0.0000841605,"4":0.0004864583,"5":0.0016389602,"6":0.0042377395,"7":0.0092134963,"8":0.0176212306,"9":0.030394374,"10":0.0481333752,"11":0.0709525393,"12":0.1112884288,"13":0.1884122677,"14":0.2524408236,"15":0.2859770143,"16":0.3135384302,"17":0.3312450681,"18":0.3333333333,"19":0.3333333333,"20":0.3333333333,"21":0.3333333333,"22":0.3333333333,"23":0.3333333333,"24":0.3333333333,"25":0.3333333333,"26":0.3333333333,"27":0.3333333333,"28":0.3333333333,"29":0.3333333333,"30":0.3333333333,"31":0.3370775687,"32":0.3438787608,"33":0.3530413414,"34":0.3645933003,"35":0.3806346421,"36":0.4082260729,"37":0.4567864158,"38":0.5408560029,"39":0.8274032766},"CT":{"0":0.7664087789,"1":0.7664087789,"2":0.7664087789,"3":0.7664087789,"4":0.7664087789,"5":0.7664087789,"6":0.7664087789,"7":0.7664087789,"8":0.7664087789,"9":0.7664087789,"10":0.7664087789,"11":0.7664087789,"12":0.7664087789,"13":0.7664087789,"14":0.7664087789,"15":0.7664087789,"16":0.7664087789,"17":0.7664087789,"18":0.7664087789,"19":0.7664087789,"20":0.7664087789,"21":0.7664087789,"22":0.7664087789,"23":0.7664087789,"24":0.7664087789,"25":0.7664087789,"26":0.7664087789,"27":0.7664087789,"28":0.7664087789,"29":0.7664087789,"30":0.7664087789,"31":0.7664087789,"32":0.7664087789,"33":0.7664087789,"34":0.7664087789,"35":0.7664087789,"36":0.7664087789,"37":0.7664087789,"38":0.7664087789,"39":0.7664087789},"CP":{"0":0.4569618127,"1":0.4569618127,"2":0.4569618127,"3":0.4569618127,"4":0.4569618127,"5":0.4569618127,"6":0.4569618127,"7":0.4569618127,"8":0.4569618127,"9":0.4569618127,"10":0.4569618127,"11":0.4569618127,"12":0.4569618127,"13":0.4569618127,"14":0.4569618127,"15":0.4569618127,"16":0.4569618127,"17":0.4569618127,"18":0.4569618127,"19":0.4569618127,"20":0.4569618127,"21":0.4569618127,"22":0.4569618127,"23":0.4569618127,"24":0.4569618127,"25":0.4569618127,"26":0.4569618127,"27":0.4569618127,"28":0.4569618127,"29":0.4569618127,"30":0.4569618127,"31":0.4569618127,"32":0.4569618127,"33":0.4569618127,"34":0.4569618127,"35":0.4569618127,"36":0.4569618127,"37":0.4569618127,"38":0.4569618127,"39":0.4569618127},"CLP":{"0":-0.0264106995,"1":-0.0481314453,"2":-0.0832202513,"3":-0.0928530067,"4":-0.1036656681,"5":-0.1118328795,"6":-0.1104218006,"7":-0.0905024876,"8":-0.0445169652,"9":0.0285462276,"10":0.1196298206,"11":0.2107121936,"12":0.3164830409,"13":0.4534643821,"14":0.5176083999,"15":0.5367349645,"16":0.544815129,"17":0.5461720623,"18":0.545698069,"19":0.5450256458,"20":0.5442809823,"21":0.54355493,"22":0.5427982307,"23":0.5418727154,"24":0.5405665781,"25":0.5385960234,"26":0.5355857757,"27":0.5310328732,"28":0.524276388,"29":0.5144760539,"30":0.500634946,"31":0.4820570246,"32":0.4577500951,"33":0.4267244235,"34":0.3883187816,"35":0.3421738245,"36":0.2876276243,"37":0.2265795716,"38":0.1612926135,"39":0.035544347},"CLT":{"0":0.5632070902,"1":0.3385961146,"2":0.2356096266,"3":0.221145855,"4":0.2033470265,"5":0.183398289,"6":0.1633841328,"7":0.1479570415,"8":0.1444554785,"9":0.1611033569,"10":0.2036248606,"11":0.2725198174,"12":0.4016981045,"13":0.616329694,"14":0.7585695075,"15":0.819815701,"16":0.8634861337,"17":0.8883233504,"18":0.8908933409,"19":0.8906547047,"20":0.8903720512,"21":0.8899970541,"22":0.8894508289,"23":0.8885986046,"24":0.887215243,"25":0.8849394483,"26":0.8812179188,"27":0.8752401055,"28":0.8658857536,"29":0.8516964595,"30":0.8309333865,"31":0.8070772392,"32":0.7769819943,"33":0.7373097972,"34":0.6859131673,"35":0.6230578026,"36":0.5521819749,"37":0.480122699,"38":0.4158282478,"39":0.3456510201},"chord":{"0":5.38,"1":5.3917792123,"2":5.4402666252,"3":5.4573409746,"4":5.482930908,"5":5.5185474679,"6":5.5653362474,"7":5.6234670238,"8":5.691887174,"9":5.7675290784,"10":5.8451732625,"11":5.9171413714,"12":5.9729211872,"13":5.9994726195,"14":5.9812083779,"15":5.9004905637,"16":5.738070536,"17":5.4740735413,"18":5.1169234226,"19":4.7810958626,"20":4.4750936637,"21":4.1939308904,"22":3.9363690568,"23":3.7025924244,"24":3.4923233684,"25":3.3040845568,"26":3.1350458641,"27":2.9809840555,"28":2.8366093708,"29":2.6957397708,"30":2.5519833675,"31":2.4123859996,"32":2.2669240417,"33":2.1057941797,"34":1.9231425766,"35":1.7197953712,"36":1.5047704421,"37":1.2955854013,"38":1.1147734936,"39":0.9260853234},"tc":{"0":100.0,"1":99.7815338522,"2":98.8922119199,"3":97.7018600013,"4":94.5673530121,"5":90.2492177612,"6":84.7588414944,"7":78.2860754877,"8":71.1574768355,"9":63.8151197547,"10":56.7061851039,"11":50.2068832297,"12":44.5875377892,"13":39.9680186093,"14":36.3568500358,"15":33.6852338839,"16":31.8631399479,"17":30.8395498566,"18":30.4896049279,"19":30.1194806145,"20":29.6387957153,"21":29.0805808438,"22":28.4798640896,"23":27.8712957195,"24":27.2833954197,"25":26.7388457446,"26":26.2578169946,"27":25.8617233881,"28":25.575546002,"29":25.4236980467,"30":25.4204624484,"31":25.4204624484,"32":25.4204624484,"33":25.4204624484,"34":25.4204624484,"35":25.4204624484,"36":25.4204624484,"37":25.4204624484,"38":25.4204624484,"39":25.4204624484},"cl":{"0":0.0,"1":0.0000127112,"2":0.0003262329,"3":0.0014005142,"4":0.0077750108,"5":0.0248193701,"6":0.0599310705,"7":0.1199519629,"8":0.2083507659,"9":0.322599443,"10":0.4544175493,"11":0.5921564055,"12":0.8055241282,"13":1.1345523713,"14":1.2942416284,"15":1.3141059177,"16":1.3219873589,"17":1.3274607174,"18":1.3297728292,"19":1.3325438977,"20":1.3372258413,"21":1.3445837461,"22":1.3542059004,"23":1.3650676781,"24":1.3759570999,"25":1.3858237801,"26":1.3939430353,"27":1.3999475703,"28":1.4037830244,"29":1.4056175372,"30":1.4056549968,"31":1.4056549968,"32":1.4056549968,"33":1.4056549968,"34":1.4056549968,"35":1.4056549968,"36":1.4056549968,"37":1.4056549968,"38":1.4056549968,"39":1.4056549968},"cd":{"0":0.6,"1":0.5999713389,"2":0.5992712781,"3":0.5969112142,"4":0.5834367841,"5":0.5497371653,"6":0.4868137511,"7":0.3932699766,"8":0.2799608737,"9":0.1687578464,"10":0.0831259244,"11":0.0377781436,"12":0.0276636625,"13":0.0237365359,"14":0.0209046143,"15":0.0184554175,"16":0.016857838,"17":0.0161139866,"18":0.015897262,"19":0.0156925804,"20":0.0154436514,"21":0.0151518397,"22":0.0148416663,"23":0.0145397179,"24":0.014267732,"25":0.0140398499,"26":0.0138628074,"27":0.0137372228,"28":0.0136592713,"29":0.0136226142,"30":0.01362187,"31":0.01362187,"32":0.01362187,"33":0.01362187,"34":0.01362187,"35":0.01362187,"36":0.01362187,"37":0.01362187,"38":0.01362187,"39":0.01362187},"twist":{"0":20.0,"1":20.0,"2":20.0,"3":20.0,"4":20.0,"5":20.0,"6":20.0,"7":20.0,"8":20.0,"9":20.0,"10":19.9880316393,"11":17.5280215142,"12":15.119819814,"13":12.4869610495,"14":9.9927488968,"15":7.398886933,"16":5.1508324133,"17":3.7011621784,"18":2.7414695216,"19":1.9085415937,"20":1.1632597383,"21":0.4835145543,"22":-0.131115801,"23":-0.6802128581,"24":-1.1650791129,"25":-1.5887077758,"26":-1.9552909841,"27":-2.2700454812,"28":-2.5384829681,"29":-2.7661188787,"30":-2.9573276747,"31":-3.1244127325,"32":-3.2695148106,"33":-3.3944631179,"34":-3.5005856205,"35":-3.5890308623,"36":-3.6608399227,"37":-3.7167097532,"38":-3.7572599422,"39":-3.793921392},"aoa":{"0":28.397151613,"1":23.7576912431,"2":17.9551612861,"3":16.6134398543,"4":14.8884707556,"5":12.8682771753,"6":10.6527511125,"7":8.3490124412,"8":6.0487315643,"9":3.8315561165,