{"r":{"0":2.8,"1":4.877206308,"2":7.6938980617,"3":8.4043026191,"4":9.3629333302,"5":10.5635585763,"6":11.9999467383,"7":13.6617117847,"8":15.5415834935,"9":17.6260600236,"10":19.9026781372,"11":22.3600131996,"12":24.9804089572,"13":27.750363569,"14":30.6522207813,"15":33.6683243406,"16":36.7820565963,"17":39.9726454855,"18":43.2224347544,"19":46.51065234,"20":49.8196419887,"21":53.1275930343,"22":56.4158106199,"23":59.6635226825,"24":62.8520343654,"25":65.9626508117,"26":68.9756385615,"27":71.8733413612,"28":74.6381029572,"29":77.2543443022,"30":79.7054477456,"31":81.9768728435,"32":84.0540791515,"33":85.9266806382,"34":87.5822140657,"35":89.0102934025,"36":90.2036484265,"37":91.1539703124,"38":91.8560660445,"39":92.45},"a":{"0":0.0,"1":0.0000010403,"2":0.0000289264,"3":0.0001131148,"4":0.0005903018,"5":0.0019213934,"6":0.0048897102,"7":0.0105401135,"8":0.020051169,"9":0.0344487804,"10":0.0543481577,"11":0.0797389993,"12":0.1260771986,"13":0.2098366862,"14":0.2806944576,"15":0.3152519471,"16":0.3324664236,"17":0.3333333333,"18":0.3333333333,"19":0.3333333333,"20":0.3333333333,"21":0.3333333333,"22":0.3333333333,"23":0.3333333333,"24":0.3333333333,"25":0.3333333333,"26":0.3333333333,"27":0.3333333333,"28":0.3333333333,"29":0.3333333333,"30":0.3333333333,"31":0.3360813737,"32":0.3418144315,"33":0.3498698243,"34":0.3603722996,"35":0.3756331468,"36":0.4035408148,"37":0.4563905705,"38":0.5521955158,"39":0.8805549398},"CT":{"0":0.7743683212,"1":0.7743683212,"2":0.7743683212,"3":0.7743683212,"4":0.7743683212,"5":0.7743683212,"6":0.7743683212,"7":0.7743683212,"8":0.7743683212,"9":0.7743683212,"10":0.7743683212,"11":0.7743683212,"12":0.7743683212,"13":0.7743683212,"14":0.7743683212,"15":0.7743683212,"16":0.7743683212,"17":0.7743683212,"18":0.7743683212,"19":0.7743683212,"20":0.7743683212,"21":0.7743683212,"22":0.7743683212,"23":0.7743683212,"24":0.7743683212,"25":0.7743683212,"26":0.7743683212,"27":0.7743683212,"28":0.7743683212,"29":0.7743683212,"30":0.7743683212,"31":0.7743683212,"32":0.7743683212,"33":0.7743683212,"34":0.7743683212,"35":0.7743683212,"36":0.7743683212,"37":0.7743683212,"38":0.7743683212,"39":0.7743683212},"CP":{"0":0.4555750298,"1":0.4555750298,"2":0.4555750298,"3":0.4555750298,"4":0.4555750298,"5":0.4555750298,"6":0.4555750298,"7":0.4555750298,"8":0.4555750298,"9":0.4555750298,"10":0.4555750298,"11":0.4555750298,"12":0.4555750298,"13":0.4555750298,"14":0.4555750298,"15":0.4555750298,"16":0.4555750298,"17":0.4555750298,"18":0.4555750298,"19":0.4555750298,"20":0.4555750298,"21":0.4555750298,"22":0.4555750298,"23":0.4555750298,"24":0.4555750298,"25":0.4555750298,"26":0.4555750298,"27":0.4555750298,"28":0.4555750298,"29":0.4555750298,"30":0.4555750298,"31":0.4555750298,"32":0.4555750298,"33":0.4555750298,"34":0.4555750298,"35":0.4555750298,"36":0.4555750298,"37":0.4555750298,"38":0.4555750298,"39":0.4555750298},"CLP":{"0":-0.0290927762,"1":-0.0532747301,"2":-0.0928456378,"3":-0.1037113032,"4":-0.1157875175,"5":-0.1247305469,"6":-0.122630059,"7":-0.0994354167,"8":-0.046972129,"9":0.0350500028,"10":0.1352192009,"11":0.2322869148,"12":0.3454719852,"13":0.4765551157,"14":0.5298806122,"15":0.5402341546,"16":0.5415793077,"17":0.5409239444,"18":0.5400047519,"19":0.5391139379,"20":0.5383962597,"21":0.5378149616,"22":0.5371691846,"23":0.5362085441,"24":0.5349643136,"25":0.5332283772,"26":0.5306173904,"27":0.5266129077,"28":0.5205175683,"29":0.511429607,"30":0.4982754695,"31":0.4802498705,"32":0.4563960024,"33":0.4256521228,"34":0.3872538889,"35":0.3407224515,"36":0.2850752028,"37":0.2212848651,"38":0.1512630181,"39":0.0143999257},"CLT":{"0":0.5644559331,"1":0.340702898,"2":0.2389658771,"3":0.2246951919,"4":0.2070262772,"5":0.1872901431,"6":0.1678650382,"7":0.1539612937,"8":0.1536239332,"9":0.1755686923,"10":0.2253436699,"11":0.3022997872,"12":0.4469174262,"13":0.6679581668,"14":0.8113607779,"15":0.8665757553,"16":0.8904208191,"17":0.8913260351,"18":0.8910884092,"19":0.8908408151,"20":0.8905611702,"21":0.890216503,"22":0.8897457629,"23":0.8890351532,"24":0.8878781164,"25":0.8859455678,"26":0.8827216604,"27":0.8774279391,"28":0.8689563434,"29":0.855821812,"30":0.8361986512,"31":0.8119886008,"32":0.7812746476,"33":0.7406315909,"34":0.6878652202,"35":0.6232685905,"36":0.5503986461,"37":0.4762964788,"38":0.4101557181,"39":0.343552553},"chord":{"0":5.38,"1":5.394229275,"2":5.452128907,"3":5.4723224696,"4":5.5024126105,"5":5.543945463,"6":5.5978707367,"7":5.6637672099,"8":5.7394843764,"9":5.8201733605,"10":5.8980765646,"11":5.9621264221,"12":5.9975657824,"13":5.9862481094,"14":5.9067541014,"15":5.7350237072,"16":5.4449356076,"17":5.0655931577,"18":4.7204405661,"19":4.4112841972,"20":4.1337642303,"21":3.8840497034,"22":3.6581457144,"23":3.4524210261,"24":3.2619313781,"25":3.087392013,"26":2.9285423118,"27":2.7830761134,"28":2.6473147144,"29":2.5163615031,"30":2.3844606362,"31":2.2532688033,"32":2.1160632343,"33":1.9635356202,"34":1.7901587503,"35":1.5967883702,"36":1.3920939663,"37":1.1928399395,"38":1.02055748,"39":0.8555126761},"tc":{"0":100.0,"1":99.7362130105,"2":98.6770505937,"3":97.4198444516,"4":94.2134230674,"5":89.8111611088,"6":84.235740239,"7":77.693047247,"8":70.5270567882,"9":63.1950703483,"10":56.1542895021,"11":49.7863029765,"12":44.3654578154,"13":40.020963174,"14":36.7830654785,"15":34.6273755735,"16":33.5495395004,"17":33.2964372901,"18":33.0185369892,"19":32.6098327671,"20":32.0486263481,"21":31.3608090122,"22":30.6043122458,"23":29.8484109072,"24":29.1676578149,"25":28.5729129051,"26":28.0670518786,"27":27.6587071556,"28":27.3619852643,"29":27.1921699476,"30":27.1582901574,"31":27.1582901574,"32":27.1582901574,"33":27.1582901574,"34":27.1582901574,"35":27.1582901574,"36":27.1582901574,"37":27.1582901574,"38":27.1582901574,"39":27.1582901574},"cl":{"0":0.0,"1":0.0000185304,"2":0.0004650567,"3":0.0017642904,"4":0.0088145017,"5":0.0270742756,"6":0.0640434328,"7":0.1264297805,"8":0.2172545645,"9":0.3332842033,"10":0.465488493,"11":0.6016138722,"12":0.8203807491,"13":1.1311028148,"14":1.2854901514,"15":1.3092426739,"16":1.3147190213,"17":1.3158267192,"18":1.3170063167,"19":1.3187175405,"20":1.3211401567,"21":1.3244731046,"22":1.3289842661,"23":1.3349732309,"24":1.3433206451,"25":1.3526264521,"26":1.3614947826,"27":1.3689950112,"28":1.3745024976,"29":1.3776395929,"30":1.3782623536,"31":1.3782623536,"32":1.3782623536,"33":1.3782623536,"34":1.3782623536,"35":1.3782623536,"36":1.3782623536,"37":1.3782623536,"38":1.3782623536,"39":1.3782623536},"cd":{"0":0.6,"1":0.5999582377,"2":0.5989635534,"3":0.5961207761,"4":0.5812976882,"5":0.5454624287,"6":0.4798910263,"7":0.3840485447,"8":0.269946199,"9":0.1601843967,"10":0.0778630884,"11":0.0362353917,"12":0.0274414925,"13":0.0237767142,"14":0.0212626071,"15":0.0193402425,"16":0.0183293143,"17":0.0180960442,"18":0.017843615,"19":0.0174814996,"20":0.0170073832,"21":0.0164741331,"22":0.015965921,"23":0.0155527322,"24":0.0151973107,"25":0.0148891319,"26":0.0146349799,"27":0.0144387174,"28":0.0143026871,"29":0.0142277663,"30":0.0142130959,"31":0.0142130959,"32":0.0142130959,"33":0.0142130959,"34":0.0142130959,"35":0.0142130959,"36":0.0142130959,"37":0.0142130959,"38":0.0142130959,"39":0.0142130959},"twist":{"0":20.0,"1":20.0,"2":20.0,"3":20.0,"4":20.0,"5":20.0,"6":20.0,"7":20.0,"8":20.0,"9":20.0,"10":19.142569827,"11":16.7263865733,"12":14.3562169073,"13":11.8223593431,"14":9.4969757472,"15":7.3978918003,"16":5.6711319989,"17":4.5860640933,"18":3.5941971508,"19":2.6158210347,"20":1.6400909207,"21":0.7106847022,"22":-0.0931983253,"23":-0.7077656292,"24":-1.2177806821,"25":-1.6615241778,"26":-2.0448728575,"27":-2.3730881457,"28":-2.6505322293,"29":-2.8810714385,"30":-3.0680389653,"31":-3.2276731851,"32":-3.3662865568,"33":-3.4856341926,"34":-3.5869904722,"35":-3.6714569448,"36":-3.7400313621,"37":-3.7933819234,"38":-3.8321022168,"39":-3.8644072247},"aoa":{"0":28.0892120023,"1":23.2407612415,"2":17.2355683118,"3":15.8588366745,"4":14.0960920354,"5":12.0423441818,"6":9.8035593611,"7":7.4907400868,"8":5.196572488,