{"r":{"0":2.8,"1":4.8751542344,"2":7.6890633763,"3":8.3987661245,"4":9.3564498037,"5":10.5558889512,"6":11.9908581043,"7":13.6509814919,"8":15.528996074,"9":17.6114133483,"10":19.8857823892,"11":22.3406898486,"12":24.9584969153,"13":27.7257150869,"14":30.6247055524,"15":33.6378295008,"16":36.7484856983,"17":39.9359226024,"18":43.1825014021,"19":46.4674705552,"20":49.7731912507,"21":53.077874369,"22":56.3628435222,"23":59.6073471677,"24":62.7927089176,"25":65.9002523836,"26":68.9102636007,"27":71.8051037577,"28":74.5671340437,"29":77.180790802,"30":79.6294727987,"31":81.898653954,"32":83.9738081884,"33":85.8445597308,"34":87.4984576556,"35":88.9251261918,"36":90.1173022995,"37":91.0666853617,"38":91.768087493,"39":92.4113853057},"a":{"0":0.0,"1":0.0000006678,"2":0.0000188347,"3":0.0000834845,"4":0.0004839,"5":0.0016318015,"6":0.0042208893,"7":0.0091786736,"8":0.0175565477,"9":0.0302849187,"10":0.0479629144,"11":0.0707066103,"12":0.1108625035,"13":0.187753161,"14":0.2515589855,"15":0.2850183994,"16":0.3127052798,"17":0.3308942676,"18":0.3333333333,"19":0.3333333333,"20":0.3333333333,"21":0.3333333333,"22":0.3333333333,"23":0.3333333333,"24":0.3333333333,"25":0.3333333333,"26":0.3333333333,"27":0.3333333333,"28":0.3333333333,"29":0.3333333333,"30":0.3333333333,"31":0.3371113379,"32":0.3439484797,"33":0.3531487555,"34":0.3647396008,"35":0.3808225069,"36":0.4084529942,"37":0.4570057225,"38":0.5410519702,"39":0.8275079477},"CT":{"0":0.7661395429,"1":0.7661395429,"2":0.7661395429,"3":0.7661395429,"4":0.7661395429,"5":0.7661395429,"6":0.7661395429,"7":0.7661395429,"8":0.7661395429,"9":0.7661395429,"10":0.7661395429,"11":0.7661395429,"12":0.7661395429,"13":0.7661395429,"14":0.7661395429,"15":0.7661395429,"16":0.7661395429,"17":0.7661395429,"18":0.7661395429,"19":0.7661395429,"20":0.7661395429,"21":0.7661395429,"22":0.7661395429,"23":0.7661395429,"24":0.7661395429,"25":0.7661395429,"26":0.7661395429,"27":0.7661395429,"28":0.7661395429,"29":0.7661395429,"30":0.7661395429,"31":0.7661395429,"32":0.7661395429,"33":0.7661395429,"34":0.7661395429,"35":0.7661395429,"36":0.7661395429,"37":0.7661395429,"38":0.7661395429,"39":0.7661395429},"CP":{"0":0.4569626774,"1":0.4569626774,"2":0.4569626774,"3":0.4569626774,"4":0.4569626774,"5":0.4569626774,"6":0.4569626774,"7":0.4569626774,"8":0.4569626774,"9":0.4569626774,"10":0.4569626774,"11":0.4569626774,"12":0.4569626774,"13":0.4569626774,"14":0.4569626774,"15":0.4569626774,"16":0.4569626774,"17":0.4569626774,"18":0.4569626774,"19":0.4569626774,"20":0.4569626774,"21":0.4569626774,"22":0.4569626774,"23":0.4569626774,"24":0.4569626774,"25":0.4569626774,"26":0.4569626774,"27":0.4569626774,"28":0.4569626774,"29":0.4569626774,"30":0.4569626774,"31":0.4569626774,"32":0.4569626774,"33":0.4569626774,"34":0.4569626774,"35":0.4569626774,"36":0.4569626774,"37":0.4569626774,"38":0.4569626774,"39":0.4569626774},"CLP":{"0":-0.0263333341,"1":-0.0479844547,"2":-0.0829476365,"3":-0.0925452829,"4":-0.1033206946,"5":-0.1114623137,"6":-0.1100639764,"7":-0.0902278106,"8":-0.0444165334,"9":0.0283951976,"10":0.1192096681,"11":0.2100947387,"12":0.3156046834,"13":0.452668011,"14":0.5170949384,"15":0.5364721599,"16":0.5448036709,"17":0.5462870863,"18":0.5458223723,"19":0.5451523648,"20":0.5444201113,"21":0.5437026152,"22":0.542949831,"23":0.5420232436,"24":0.5407108339,"25":0.5387286143,"26":0.5357012715,"27":0.5311263168,"28":0.524344229,"29":0.5145170478,"30":0.500650276,"31":0.4820486618,"32":0.4577183194,"33":0.4266706633,"34":0.3882461478,"35":0.3420860625,"36":0.2875332224,"37":0.2265076295,"38":0.161249043,"39":0.0355650795},"CLT":{"0":0.5631709463,"1":0.3385318748,"2":0.2355100278,"3":0.2210403814,"4":0.2032372182,"5":0.1832820376,"6":0.1632519658,"7":0.1477848664,"8":0.1441995454,"9":0.160703986,"10":0.2030219546,"11":0.2716771021,"12":0.4003694468,"13":0.6146831318,"14":0.7568191782,"15":0.8181693774,"16":0.8622383938,"17":0.8878457996,"18":0.8908891117,"19":0.8906505994,"20":0.8903668806,"21":0.8899900793,"22":0.8894408399,"23":0.8885836978,"24":0.8871925728,"25":0.8849049892,"26":0.8811663281,"27":0.8751648018,"28":0.8657794034,"29":0.8515519852,"30":0.8307455725,"31":0.8068926366,"32":0.7768024581,"33":0.737137916,"34":0.6857520154,"35":0.6229103532,"36":0.5520502794,"37":0.4800071508,"38":0.4157266721,"39":0.3455605189},"chord":{"0":5.38,"1":5.3917154881,"2":5.4399555986,"3":5.4569472157,"4":5.4824170501,"5":5.5178741954,"6":5.5644677284,"7":5.6223804736,"8":5.6905851013,"9":5.7660560787,"10":5.8436345558,"11":5.915723678,"12":5.9719139963,"13":5.9992893504,"14":5.9824045251,"15":5.9037784391,"16":5.7443305577,"17":5.4843541838,"18":5.1288621586,"19":4.7921221796,"20":4.4848613582,"21":4.2026885505,"22":3.9443694528,"23":3.7100515465,"24":3.4994072965,"25":3.3109091488,"26":3.1416778388,"27":2.9874382618,"28":2.8428446666,"29":2.701664,"30":2.5574801711,"31":2.4175821197,"32":2.2718068463,"33":2.1103299212,"34":1.9272848987,"35":1.7234996968,"36":1.5080116182,"37":1.2983760066,"38":1.1171746421,"39":0.92808005},"tc":{"0":100.0,"1":99.7827131617,"2":98.8978660301,"3":97.7089099095,"4":94.5762166547,"5":90.2602296682,"6":84.7720709114,"7":78.3012046221,"8":71.1737585015,"9":63.8314219984,"10":56.7211165966,"11":50.2189152261,"12":44.5950576838,"13":39.9692395713,"14":36.3495806935,"15":33.666474228,"16":31.8284163283,"17":30.7817398802,"18":30.4186325888,"19":30.0501779281,"20":29.5742446226,"21":29.0199820532,"22":28.4220981538,"23":27.8152600025,"24":27.2281650348,"25":26.6837304558,"26":26.2023876386,"27":25.8058504685,"28":25.5194503961,"29":25.3679487693,"30":25.3658261349,"31":25.3658261349,"32":25.3658261349,"33":25.3658261349,"34":25.3658261349,"35":25.3658261349,"36":25.3658261349,"37":25.3658261349,"38":25.3658261349,"39":25.3658261349},"cl":{"0":0.0,"1":0.0000125744,"2":0.0003229151,"3":0.0013919553,"4":0.0077498054,"5":0.0247639223,"6":0.059828776,"7":0.1197888192,"8":0.2081231069,"9":0.3223206571,"10":0.4541196687,"11":0.5918868,"12":0.8050270192,"13":1.1344730598,"14":1.2943613807,"15":1.3141916206,"16":1.3221495684,"17":1.3278239915,"18":1.3302766873,"19":1.33311069,"20":1.3379802691,"21":1.3454849963,"22":1.3551998272,"23":1.3660992704,"24":1.3769766349,"25":1.3867898901,"26":1.3948256826,"27":1.400732611,"28":1.4044779011,"29":1.4062531316,"30":1.4062769155,"31":1.4062769155,"32":1.4062769155,"33":1.4062769155,"34":1.4062769155,"35":1.4062769155,"36":1.4062769155,"37":1.4062769155,"38":1.4062769155,"39":1.4062769155},"cd":{"0":0.6,"1":0.5999716471,"2":0.599278646,"3":0.5969298568,"4":0.5834888217,"5":0.5498427528,"6":0.48698703,"7":0.393504249,"8":0.2802200968,"9":0.1689855489,"10":0.0832715354,"11":0.0378250226,"12":0.0276712706,"13":0.0237374622,"14":0.0208984161,"15":0.018437947,"16":0.0168302854,"17":0.0160767183,"18":0.0158559876,"19":0.0156569649,"20":0.0154099502,"21":0.0151202412,"22":0.0148123421,"23":0.0145128336,"24":0.0142434558,"25":0.0140183217,"26":0.0138440714,"27":0.0137211245,"28":0.013645338,"29":0.0136100106,"30":0.01360954,"31":0.01360954,"32":0.01360954,"33":0.01360954,"34":0.01360954,"35":0.01360954,"36":0.01360954,"37":0.01360954,"38":0.01360954,"39":0.01360954},"twist":{"0":20.0,"1":20.0,"2":20.0,"3":20.0,"4":20.0,"5":20.0,"6":20.0,"7":20.0,"8":20.0,"9":20.0,"10":20.0,"11":17.552134332,"12":15.1430198947,"13":12.5078593042,"14":10.0096189885,"15":7.4045623737,"16":5.1480414259,"17":3.6950810184,"18":2.7356328695,"19":1.9090952926,"20":1.1643850555,"21":0.4852176505,"22":-0.1288411818,"23":-0.6773837553,"24":-1.1617028841,"25":-1.5847859661,"26":-1.9508388823,"27":-2.2651226502,"28":-2.533227166,"29":-2.7607592753,"30":-2.9521487562,"31":-3.1194603581,"32":-3.2647597601,"33":-3.3898784102,"34":-3.4961458933,"35":-3.5847121744,"36":-3.6566196446,"37":-3.7125661253,"38":-3.7531719925,"39":-3.7898838137},"aoa":{"0":28.4062814612,"1":23.7729294824,"2":17.9764197665,"3":16.635758207,"4":14.911945943,"5":12.8928003946,"6":10.6780306244,"7":8.3746344119,"8":6.074243537,"9":3.8565415668,"10":1.7750305722,